{"cameraMode":{"drawMode":0,"name":"Shaded","section":"Shading Mode"},"sceneLighting":true,"audioPlay":false,"sceneViewState":{"showFog":false,"showMaterialUpdate":true,"showSkybox":true,"showFlares":true,"showImageEffects":true,"showParticleSystems":true},"in2DMode":false,"pivot":{"x":242.1422119140625,"y":2.867673873901367,"z":215.6603546142578},"rotation":{"x":-0.0048594726249575619,"y":-0.9944284558296204,"z":0.05315114185214043,"w":-0.09094828367233277},"size":10.071403503417969,"orthographic":false}