{"cameraMode":{"drawMode":0,"name":"Shaded","section":"Shading Mode"},"sceneLighting":true,"audioPlay":false,"sceneViewState":{"showFog":false,"showMaterialUpdate":true,"showSkybox":true,"showFlares":true,"showImageEffects":true,"showParticleSystems":true},"in2DMode":false,"pivot":{"x":267.36083984375,"y":684.912353515625,"z":145.9603271484375},"rotation":{"x":-0.0048594726249575619,"y":-0.9944284558296204,"z":0.05315114185214043,"w":-0.09094828367233277},"size":566.1968994140625,"orthographic":false}